{
    "leader": {
        "count": 5,
        "last_fail": 1775893063.9053495,
        "pause_until": 1775893363.9053495
    },
    "decision": {
        "count": 5,
        "last_fail": 1775893089.2883008,
        "pause_until": 1775893389.2883008
    },
    "scorer": {
        "count": 5,
        "last_fail": 1775893078.1263328,
        "pause_until": 1775893378.1263328
    },
    "anomaly": {
        "count": 5,
        "last_fail": 1775893067.231597,
        "pause_until": 1775893367.231597
    }
}