{
    "leader": {
        "count": 5,
        "last_fail": 1775896529.5443416,
        "pause_until": 1775896829.5443416
    },
    "decision": {
        "count": 5,
        "last_fail": 1775896537.3597312,
        "pause_until": 1775896837.3597312
    },
    "scorer": {
        "count": 5,
        "last_fail": 1775896538.0156953,
        "pause_until": 1775896838.0156953
    },
    "anomaly": {
        "count": 5,
        "last_fail": 1775896559.7522671,
        "pause_until": 1775896859.7522671
    }
}